{
    "Samples": [
        {
            "Message": "{\r    \"case\": {\r        \"accessionId\": \"S25-99999\",\r        \"labSiteId\": 2,\r        \"parts\": [\r            {\r                \"blocks\": [\r                    {\r                        \"key\": \"A1\",\r                        \"name\": \"1\"\r                    }\r                ],\r                \"name\": \"A\",\r                \"slides\": [\r                    {\r                        \"barcode\": \"S25-99999 A1-1\",\r                        \"blockKey\": \"A1\",\r                        \"name\": \"S25-99999 A1-1\",\r                        \"stainCode\": \"PAX-8*\",\r                        \"stainName\": \"PAX-8*\"\r                    }\r                ],\r                \"specimenCode\": \"Pancreatic tail FNA\",\r                \"specimenDescription\": \"Pancreatic tail FNA\",\r                \"specimenName\": \"Pancreatic tail FNA\"\r            }\r        ],\r        \"patientDob\": \"1958-12-13\",\r        \"patientFirstName\": \"Test\",\r        \"patientGenderIdentity\": \"M\",\r        \"patientLastName\": \"Test\",\r        \"patientMrn\": \"10099999\",\r        \"patientSex\": \"M\"\r    },\r    \"messageType\": \"upsert\",\r    \"options\": {\r        \"addProcedures\": true,\r        \"addSpecimens\": true,\r        \"addStains\": true,\r        \"assignedUserIdLookupField\": \"email\",\r        \"deleteCaseIfNoSlidesLeft\": true\r    }\r}",
            "Name": "S25-030331"
        },
        {
            "Message": "{\r    \"case\": {\r        \"accessionId\": \"S25-110\",\r        \"labSiteId\": 1\r    },\r    \"messageType\": \"deleteCase\",\r    \"options\": {\r        \"addProcedures\": true,\r        \"addSpecimenCategories\": true,\r        \"addSpecimens\": true,\r        \"addStains\": true,\r        \"archiveStatusLocked\": true,\r        \"assignedUserIdLookupField\": \"name\",\r        \"deleteCaseIfNoSlidesLeft\": true\r    }\r}",
            "Name": "Delete Case"
        },
        {
            "Message": "{\n    \"case\": {\n        \"accessionDate\": \"2025-02-27T21:30:38-08:00\",\n        \"accessionId\": \"S25-036991\",\n        \"assignedUserCode\": \"nfidda@cellnetix.com\",\n        \"labSiteCode\": \"CellNetix\",\n        \"parts\": [\n            {\n                \"blocks\": [\n                    {\n                        \"key\": \"A1\",\n                        \"name\": \"1\"\n                    }\n                ],\n                \"name\": \"A\",\n                \"procedureCode\": \"Breast Biopsy - Needle Core\",\n                \"procedureName\": \"Breast Biopsy - Needle Core\",\n                \"slides\": [\n                    {\n                        \"barcode\": \"3GMJ63\",\n                        \"blockKey\": \"A1\",\n                        \"name\": \"S25-036991 A1-3\",\n                        \"stainCode\": \"H&E\",\n                        \"stainName\": \"H&E\"\n                    }\n                ],\n                \"specimenCode\": \"Left breast 2:00 4 cmfn, needle core biopsy\",\n                \"specimenDescription\": \"Left breast 2:00 4 cmfn, needle core biopsy\",\n                \"specimenName\": \"Left breast 2:00 4 cmfn, needle core biopsy\"\n            }\n        ],\n        \"patientDob\": \"1984-07-04\",\n        \"patientFirstName\": \"Kimberly\",\n        \"patientGenderIdentity\": \"F\",\n        \"patientLastName\": \"Patrick\",\n        \"patientMrn\": \"\",\n        \"patientSex\": \"F\",\n        \"udf\": {\n            \"icd\": \"N63.0\"\n        }\n    },\n    \"messageType\": \"upsert\",\n    \"options\": {\n        \"addProcedures\": true,\n        \"addSpecimens\": true,\n        \"addStains\": true,\n        \"assignedUserIdLookupField\": \"email\",\n        \"deleteCaseIfNoSlidesLeft\": true\n    }\n}",
            "Name": "Message 3"
        },
        {
            "Message": "{\n    \"case\": {\n        \"accessionId\": \"S25-039600\",\n        \"caseStage\": \"diagnosisProvided\",\n        \"labSiteCode\": \"PATHOLOGY\",\n        \"patientDob\": \"1954-06-22\",\n        \"patientFirstName\": \"Charles\",\n        \"patientGenderIdentity\": \"M\",\n        \"patientLastName\": \"King\",\n        \"patientMrn\": \"522792\",\n        \"patientSex\": \"M\",\n        \"tags\": [\n            3\n        ],\n        \"udf\": {\n            \"signoutDate\": \"03/11/2025 11:23\"\n        }\n    },\n    \"messageType\": \"caseUpdate\",\n    \"options\": {\n        \"addProcedures\": true,\n        \"addSpecimens\": true,\n        \"addStains\": true,\n        \"assignedUserIdLookupField\": \"email\",\n        \"deleteCaseIfNoSlidesLeft\": true\n    }\n}",
            "Name": "Message 4"
        },
        {
            "Message": "{\r    \"case\": {\r        \"accessionDate\": \"2025-03-17T08:54:04-07:00\",\r        \"accessionId\": \"S25-047701\",\r        \"assignedUserCode\": \"dcoco@cellnetix.com\",\r        \"labSiteCode\": \"CellNetix\",\r        \"parts\": [\r            {\r                \"blocks\": [\r                    {\r                        \"key\": \"B1\",\r                        \"name\": \"1\"\r                    }\r                ],\r                \"name\": \"B\",\r                \"procedureCode\": \"Miscellaneous Gastrointestinal Biopsy (GI)\",\r                \"procedureName\": \"Miscellaneous Gastrointestinal Biopsy (GI)\",\r                \"slides\": [\r                    {\r                        \"barcode\": \"3GP2EO\",\r                        \"blockKey\": \"B1\",\r                        \"name\": \"S25-047701 B1-2\",\r                        \"stainCode\": \"HPylori*\",\r                        \"stainName\": \"HPylori*\"\r                    }\r                ],\r                \"specimenCode\": \"Random stomach biopsy\",\r                \"specimenDescription\": \"Random stomach biopsy\",\r                \"specimenName\": \"Random stomach biopsy\"\r            }\r        ],\r        \"patientDob\": \"1949-10-04\",\r        \"patientFirstName\": \"Linda\",\r        \"patientGenderIdentity\": \"F\",\r        \"patientLastName\": \"Beatty\",\r        \"patientMrn\": \"60001138042\",\r        \"patientSex\": \"F\",\r        \"udf\": {\r            \"icd\": \"D64.9,N17.9\"\r        }\r    },\r    \"messageType\": \"upsert\",\r    \"options\": {\r        \"addProcedures\": true,\r        \"addSpecimens\": true,\r        \"addStains\": true,\r        \"assignedUserIdLookupField\": \"email\",\r        \"deleteCaseIfNoSlidesLeft\": true\r    }\r}",
            "Name": "Message 5"
        },
        {
            "Message": "{\n    \"case\": {\n        \"accessionId\": \"S25-051064\",\n        \"caseStage\": \"diagnosisProvided\",\n        \"patientDob\": \"1948-01-09\",\n        \"patientFirstName\": \"Michael\",\n        \"patientGenderIdentity\": \"M\",\n        \"patientLastName\": \"Funderburg\",\n        \"patientMrn\": \"01541134\",\n        \"patientSex\": \"M\",\n        \"tags\": [\n            3\n        ],\n        \"udf\": {\n            \"signoutDate\": \"03/24/2025 13:38\"\n        }\n    },\n    \"messageType\": \"caseUpdate\",\n    \"options\": {\n        \"addProcedures\": true,\n        \"addSpecimens\": true,\n        \"addStains\": true,\n        \"assignedUserIdLookupField\": \"email\",\n        \"deleteCaseIfNoSlidesLeft\": true\n    }\n}",
            "Name": "Message 6"
        },
        {
            "Message": "{\n    \"case\": {\n        \"accessionId\": \"S25-20847\",\n        \"files\": [\n            {\n                \"directory\": \"/media/copath_images/Scanned Protocols/\",\n                \"filename\": \"S25-20847_07042025120051.pdf\"\n            }\n        ]\n    },\n    \"messageType\": \"upsert\",\n    \"options\": {\n        \"addProcedures\": true,\n        \"addSpecimenCategories\": true,\n        \"addSpecimens\": true,\n        \"addStains\": true,\n        \"archiveStatusLocked\": true,\n        \"assignedUserIdLookupField\": \"name\",\n        \"deleteCaseIfNoSlidesLeft\": true\n    }\n}",
            "Name": "Message 7"
        },
        {
            "Message": "{\n    \"case\": {\n        \"accessionId\": \"G25-11739\",\n        \"caseStage\": \"diagnosisProvided\"\n    },\n    \"messageType\": \"caseUpdate\",\n    \"options\": {\n        \"addProcedures\": true,\n        \"addSpecimenCategories\": true,\n        \"addSpecimens\": true,\n        \"addStains\": true,\n        \"archiveStatusLocked\": true,\n        \"assignedUserIdLookupField\": \"name\",\n        \"deleteCaseIfNoSlidesLeft\": true,\n        \"logLevels\": {\n            \"imageSlideMatch\": \"logInfo\",\n            \"parseBarcode\": \"logInfo\",\n            \"caseUpdate\": \"logInfo\"\n        }\n    }\n}",
            "Name": "Message 8"
        },
        {
            "Message": "{\n    \"case\": {\n        \"accessionId\": \"S25-22528\",\n        \"files\": [\n            {\n                \"directory\": \"/media/copath_images/Scanned Protocols/\",\n                \"filename\": \"S25-22528_14042025092526.pdf\"\n            }\n        ]\n    },\n    \"messageType\": \"upsert\",\n    \"options\": {\n        \"addProcedures\": true,\n        \"addSpecimenCategories\": true,\n        \"addSpecimens\": true,\n        \"addStains\": true,\n        \"archiveStatusLocked\": true,\n        \"assignedUserIdLookupField\": \"name\",\n        \"deleteCaseIfNoSlidesLeft\": true,\n        \"logLevels\": {\n            \"caseUpdate\": \"logInfo\",\n            \"imageSlideMatch\": \"logInfo\",\n            \"parseBarcode\": \"logInfo\"\n        }\n    }\n}",
            "Name": "Message 9"
        },
        {
            "Message": "{\r    \"case\": {\r        \"accessionDate\": \"2025-04-28T15:38:14.867Z\",\r        \"accessionId\": \"SP250004421\",\r        \"caseStage\": \"building\",\r        \"labSiteId\": 2,\r        \"parts\": [\r            {\r                \"blocks\": [\r                    {\r                        \"key\": \"002-A\",\r                        \"name\": \"A\"\r                    }\r                ],\r                \"name\": \"001\",\r                \"slides\": [\r                    {\r                        \"barcode\": \"+SP250004421+002001001+4\",\r                        \"blockKey\": \"002-A\",\r                        \"images\": [\r                            {\r                                \"id\": 163\r                            }\r                        ],\r                        \"name\": \"SP250004421-002-A-001\"\r                    }\r                ]\r            }\r        ]\r    },\r    \"messageType\": \"upsert\",\r    \"options\": {\r        \"addProcedures\": true,\r        \"addSpecimens\": true,\r        \"addStains\": true,\r        \"deleteCaseIfNoSlidesLeft\": true\r    }\r}",
            "Name": "Message 10"
        }
    ]
}