{
    "Samples": [
        {
            "Message": "{\"event\":{\"id\":\"53de3d4b-f977-4cf9-af9f-90b60942d342\",\"type\":\"update\",\"userId\":null,\"current\":{\"id\":63680,\"dzis\":[{\"dzi\":\"images/f8745600-1960-4c61-a587-d280cb944251/26325.svs.generated/26325.svs.z/z00-.dzi\",\"zLayer\":0,\"tileGlob\":\"images/f8745600-1960-4c61-a587-d280cb944251/26325.svs.generated/26325.svs.z/z00-.dzi.glob\",\"tileIndex\":\"images/f8745600-1960-4c61-a587-d280cb944251/26325.svs.generated/26325.svs.z/z00-.dzi.json\"}],\"mppx\":0.5036,\"mppy\":0.5036,\"width\":81672,\"zStep\":null,\"height\":41747,\"status\":\"ready\",\"offsetX\":0,\"offsetY\":0,\"slideId\":null,\"channels\":null,\"fileSize\":749237475,\"filename\":\"26325.svs\",\"createdAt\":\"2024-06-04T17:23:17.598Z\",\"createdBy\":5,\"scannedAt\":\"2024-04-05T23:45:42.000Z\",\"updatedAt\":\"2024-06-04T17:27:56.877Z\",\"iccProfile\":null,\"labelImage\":\"images/f8745600-1960-4c61-a587-d280cb944251/26325.svs.generated/26325.svs_label.jpg\",\"macroImage\":\"images/f8745600-1960-4c61-a587-d280cb944251/26325.svs.generated/26325.svs_macro.jpg\",\"scanFormat\":\"svs\",\"barcodeData\":\"S24-99999 A1-1\",\"scannerName\":\"scanner\",\"zLayerCount\":1,\"illumination\":\"brightfield\",\"uploadSource\":\"scanner\",\"lastUpdatedBy\":null,\"originalImage\":\"images/f8745600-1960-4c61-a587-d280cb944251/26325.svs\",\"objectivePower\":20,\"thumbnailImage\":\"images/f8745600-1960-4c61-a587-d280cb944251/26325.svs.generated/26325.svs_thumb.jpg\",\"scannerSerialNumber\":null},\"previous\":{\"dzis\":null,\"mppx\":null,\"mppy\":null,\"width\":null,\"height\":null,\"status\":\"optimizing\",\"offsetX\":null,\"offsetY\":null,\"scannedAt\":null,\"updatedAt\":\"2024-06-04T17:23:48.969Z\",\"labelImage\":null,\"macroImage\":null,\"scanFormat\":null,\"barcodeData\":null,\"zLayerCount\":null,\"illumination\":null,\"lastUpdatedBy\":5,\"objectivePower\":null,\"thumbnailImage\":null},\"timestamp\":\"2024-06-04T17:27:56.883Z\",\"resourceId\":63680,\"resourceType\":\"Image\"},\"webhookId\":1}",
            "Name": "S24-99999 A1-1"
        },
        {
            "Message": "{\"event\":{\"id\":\"53de3d4b-f977-4cf9-af9f-90b60942d342\",\"type\":\"update\",\"userId\":null,\"current\":{\"id\":63680,\"dzis\":[{\"dzi\":\"images/f8745600-1960-4c61-a587-d280cb944251/26325.svs.generated/26325.svs.z/z00-.dzi\",\"zLayer\":0,\"tileGlob\":\"images/f8745600-1960-4c61-a587-d280cb944251/26325.svs.generated/26325.svs.z/z00-.dzi.glob\",\"tileIndex\":\"images/f8745600-1960-4c61-a587-d280cb944251/26325.svs.generated/26325.svs.z/z00-.dzi.json\"}],\"mppx\":0.5036,\"mppy\":0.5036,\"width\":81672,\"zStep\":null,\"height\":41747,\"status\":\"ready\",\"offsetX\":0,\"offsetY\":0,\"slideId\":null,\"channels\":null,\"fileSize\":749237475,\"filename\":\"26325.svs\",\"createdAt\":\"2024-06-04T17:23:17.598Z\",\"createdBy\":5,\"scannedAt\":\"2024-04-05T23:45:42.000Z\",\"updatedAt\":\"2024-06-04T17:27:56.877Z\",\"iccProfile\":null,\"labelImage\":\"images/f8745600-1960-4c61-a587-d280cb944251/26325.svs.generated/26325.svs_label.jpg\",\"macroImage\":\"images/f8745600-1960-4c61-a587-d280cb944251/26325.svs.generated/26325.svs_macro.jpg\",\"scanFormat\":\"svs\",\"barcodeData\":\"S24-99999A1-1\",\"scannerName\":\"scanner\",\"zLayerCount\":1,\"illumination\":\"brightfield\",\"uploadSource\":\"scanner\",\"lastUpdatedBy\":null,\"originalImage\":\"images/f8745600-1960-4c61-a587-d280cb944251/26325.svs\",\"objectivePower\":20,\"thumbnailImage\":\"images/f8745600-1960-4c61-a587-d280cb944251/26325.svs.generated/26325.svs_thumb.jpg\",\"scannerSerialNumber\":null},\"previous\":{\"dzis\":null,\"mppx\":null,\"mppy\":null,\"width\":null,\"height\":null,\"status\":\"optimizing\",\"offsetX\":null,\"offsetY\":null,\"scannedAt\":null,\"updatedAt\":\"2024-06-04T17:23:48.969Z\",\"labelImage\":null,\"macroImage\":null,\"scanFormat\":null,\"barcodeData\":null,\"zLayerCount\":null,\"illumination\":null,\"lastUpdatedBy\":5,\"objectivePower\":null,\"thumbnailImage\":null},\"timestamp\":\"2024-06-04T17:27:56.883Z\",\"resourceId\":63680,\"resourceType\":\"Image\"},\"webhookId\":1}",
            "Name": "S24-99999A1-1"
        },
        {
            "Message": "{\"event\":{\"id\":\"53de3d4b-f977-4cf9-af9f-90b60942d342\",\"type\":\"update\",\"userId\":null,\"current\":{\"id\":63680,\"dzis\":[{\"dzi\":\"images/f8745600-1960-4c61-a587-d280cb944251/26325.svs.generated/26325.svs.z/z00-.dzi\",\"zLayer\":0,\"tileGlob\":\"images/f8745600-1960-4c61-a587-d280cb944251/26325.svs.generated/26325.svs.z/z00-.dzi.glob\",\"tileIndex\":\"images/f8745600-1960-4c61-a587-d280cb944251/26325.svs.generated/26325.svs.z/z00-.dzi.json\"}],\"mppx\":0.5036,\"mppy\":0.5036,\"width\":81672,\"zStep\":null,\"height\":41747,\"status\":\"ready\",\"offsetX\":0,\"offsetY\":0,\"slideId\":null,\"channels\":null,\"fileSize\":749237475,\"filename\":\"26325.svs\",\"createdAt\":\"2024-06-04T17:23:17.598Z\",\"createdBy\":5,\"scannedAt\":\"2024-04-05T23:45:42.000Z\",\"updatedAt\":\"2024-06-04T17:27:56.877Z\",\"iccProfile\":null,\"labelImage\":\"images/f8745600-1960-4c61-a587-d280cb944251/26325.svs.generated/26325.svs_label.jpg\",\"macroImage\":\"images/f8745600-1960-4c61-a587-d280cb944251/26325.svs.generated/26325.svs_macro.jpg\",\"scanFormat\":\"svs\",\"barcodeData\":null,\"scannerName\":\"scanner\",\"zLayerCount\":1,\"illumination\":\"brightfield\",\"uploadSource\":\"scanner\",\"lastUpdatedBy\":null,\"originalImage\":\"images/f8745600-1960-4c61-a587-d280cb944251/26325.svs\",\"objectivePower\":20,\"thumbnailImage\":\"images/f8745600-1960-4c61-a587-d280cb944251/26325.svs.generated/26325.svs_thumb.jpg\",\"scannerSerialNumber\":null},\"previous\":{\"dzis\":null,\"mppx\":null,\"mppy\":null,\"width\":null,\"height\":null,\"status\":\"optimizing\",\"offsetX\":null,\"offsetY\":null,\"scannedAt\":null,\"updatedAt\":\"2024-06-04T17:23:48.969Z\",\"labelImage\":null,\"macroImage\":null,\"scanFormat\":null,\"barcodeData\":null,\"zLayerCount\":null,\"illumination\":null,\"lastUpdatedBy\":5,\"objectivePower\":null,\"thumbnailImage\":null},\"timestamp\":\"2024-06-04T17:27:56.883Z\",\"resourceId\":63680,\"resourceType\":\"Image\"},\"webhookId\":1}",
            "Name": "null"
        },
        {
            "Message": "{\"event\":{\"id\":\"fc613ac6-839c-4387-9ffb-7ccd540b29d7\",\"type\":\"update\",\"userId\":null,\"current\":{\"id\":63757,\"dzis\":[{\"dzi\":\"images/165beed9-aca9-43be-89c8-5cf8646a1760/cmu5-3.zip.generated/cmu5-3-output-0.dzi\",\"zLayer\":0,\"channel\":null,\"tileGlob\":\"images/165beed9-aca9-43be-89c8-5cf8646a1760/cmu5-3.zip.generated/cmu5-3-output-0.glob\",\"histogram\":null,\"tileIndex\":\"images/165beed9-aca9-43be-89c8-5cf8646a1760/cmu5-3.zip.generated/cmu5-3-output-0-glob-index.json\"}],\"mppx\":0.2325,\"mppy\":0.2325,\"width\":68608,\"zStep\":0,\"height\":95232,\"status\":\"ready\",\"offsetX\":0,\"offsetY\":0,\"slideId\":null,\"channels\":null,\"fileSize\":565106593,\"filename\":\"cmu5-3.zip\",\"createdAt\":\"2024-07-16T15:57:15.125Z\",\"createdBy\":5,\"scannedAt\":\"2009-12-29T12:43:52.000Z\",\"updatedAt\":\"2024-07-16T15:59:24.393Z\",\"iccProfile\":null,\"labelImage\":\"images/165beed9-aca9-43be-89c8-5cf8646a1760/cmu5-3.zip.generated/cmu5-3-label.jpeg\",\"macroImage\":\"images/165beed9-aca9-43be-89c8-5cf8646a1760/cmu5-3.zip.generated/cmu5-3-macro.jpeg\",\"scanFormat\":\"mrxs\",\"barcodeData\":\"\",\"scannerName\":\"scanner\",\"zLayerCount\":1,\"illumination\":\"brightfield\",\"uploadSource\":\"scanner\",\"lastUpdatedBy\":null,\"originalImage\":\"images/165beed9-aca9-43be-89c8-5cf8646a1760/cmu5-3.zip\",\"objectivePower\":43.010753,\"thumbnailImage\":\"images/165beed9-aca9-43be-89c8-5cf8646a1760/cmu5-3.zip.generated/cmu5-3-thumbnail.jpeg\",\"scannerSerialNumber\":null},\"previous\":{\"dzis\":null,\"mppx\":null,\"mppy\":null,\"width\":null,\"zStep\":null,\"height\":null,\"status\":\"optimizing\",\"offsetX\":null,\"offsetY\":null,\"scannedAt\":null,\"updatedAt\":\"2024-07-16T15:57:37.628Z\",\"labelImage\":null,\"macroImage\":null,\"scanFormat\":null,\"barcodeData\":null,\"zLayerCount\":null,\"illumination\":null,\"lastUpdatedBy\":5,\"objectivePower\":null,\"thumbnailImage\":null},\"timestamp\":\"2024-07-16T15:59:24.401Z\",\"resourceId\":63757,\"resourceType\":\"Image\"},\"webhookId\":1}\r",
            "Name": "blank"
        },
        {
            "Message": "{\"event\":{\"id\":\"3bd1704c-2bbb-4bcd-b708-ea4b63084da8\",\"type\":\"update\",\"userId\":null,\"current\":{\"id\":63750,\"dzis\":[{\"dzi\":\"images/da2f2ee6-9d55-430e-a5c2-b1d6ff19eca8/DS_A01R_04S_15-7-2024_15-04-35.zip.generated/DS_A01R_04S_15-7-2024_15-04-35-output-0.dzi\",\"zLayer\":0,\"channel\":null,\"tileGlob\":\"images/da2f2ee6-9d55-430e-a5c2-b1d6ff19eca8/DS_A01R_04S_15-7-2024_15-04-35.zip.generated/DS_A01R_04S_15-7-2024_15-04-35-output-0.glob\",\"histogram\":null,\"tileIndex\":\"images/da2f2ee6-9d55-430e-a5c2-b1d6ff19eca8/DS_A01R_04S_15-7-2024_15-04-35.zip.generated/DS_A01R_04S_15-7-2024_15-04-35-output-0-glob-index.json\"}],\"mppx\":0.98943144,\"mppy\":0.9963235,\"width\":20992,\"zStep\":0,\"height\":16640,\"status\":\"ready\",\"offsetX\":0,\"offsetY\":0,\"slideId\":null,\"channels\":null,\"fileSize\":13767252,\"filename\":\"DS_A01R_04S_15-7-2024_15-04-35.zip\",\"createdAt\":\"2024-07-15T17:49:19.440Z\",\"createdBy\":5,\"scannedAt\":\"2024-07-15T10:04:18.000Z\",\"updatedAt\":\"2024-07-15T17:49:42.942Z\",\"iccProfile\":null,\"labelImage\":\"images/da2f2ee6-9d55-430e-a5c2-b1d6ff19eca8/DS_A01R_04S_15-7-2024_15-04-35.zip.generated/DS_A01R_04S_15-7-2024_15-04-35-label.jpeg\",\"macroImage\":\"images/da2f2ee6-9d55-430e-a5c2-b1d6ff19eca8/DS_A01R_04S_15-7-2024_15-04-35.zip.generated/DS_A01R_04S_15-7-2024_15-04-35-macro.jpeg\",\"scanFormat\":\"mrxs\",\"barcodeData\":\"S<FNC1>24-06147 A1-1\",\"scannerName\":\"scanner\",\"zLayerCount\":1,\"illumination\":\"brightfield\",\"uploadSource\":\"scanner\",\"lastUpdatedBy\":null,\"originalImage\":\"images/da2f2ee6-9d55-430e-a5c2-b1d6ff19eca8/DS_A01R_04S_15-7-2024_15-04-35.zip\",\"objectivePower\":10.071736,\"thumbnailImage\":\"images/da2f2ee6-9d55-430e-a5c2-b1d6ff19eca8/DS_A01R_04S_15-7-2024_15-04-35.zip.generated/DS_A01R_04S_15-7-2024_15-04-35-thumbnail.jpeg\",\"scannerSerialNumber\":null},\"previous\":{\"dzis\":null,\"mppx\":null,\"mppy\":null,\"width\":null,\"zStep\":null,\"height\":null,\"status\":\"optimizing\",\"offsetX\":null,\"offsetY\":null,\"scannedAt\":null,\"updatedAt\":\"2024-07-15T17:49:20.229Z\",\"labelImage\":null,\"macroImage\":null,\"scanFormat\":null,\"barcodeData\":null,\"zLayerCount\":null,\"illumination\":null,\"lastUpdatedBy\":5,\"objectivePower\":null,\"thumbnailImage\":null},\"timestamp\":\"2024-07-15T17:49:42.950Z\",\"resourceId\":63750,\"resourceType\":\"Image\"},\"webhookId\":1}\r",
            "Name": "FNC1"
        },
        {
            "Message": "{\"event\":{\"id\":\"b6244e7a-127a-4250-803b-4dc0f53399cf\",\"type\":\"update\",\"userId\":null,\"current\":{\"id\":63695,\"dzis\":[{\"dzi\":\"images/f6eff615-9bad-4560-ad59-abb5123019aa/31290.svs.generated/31290.svs.z/z00-.dzi\",\"zLayer\":0,\"tileGlob\":\"images/f6eff615-9bad-4560-ad59-abb5123019aa/31290.svs.generated/31290.svs.z/z00-.dzi.glob\",\"tileIndex\":\"images/f6eff615-9bad-4560-ad59-abb5123019aa/31290.svs.generated/31290.svs.z/z00-.dzi.json\"}],\"mppx\":0.5036,\"mppy\":0.5036,\"width\":81672,\"zStep\":null,\"height\":39048,\"status\":\"ready\",\"offsetX\":0,\"offsetY\":0,\"slideId\":null,\"channels\":null,\"fileSize\":699796547,\"filename\":\"31290.svs\",\"createdAt\":\"2024-06-14T16:05:39.762Z\",\"createdBy\":5,\"scannedAt\":\"2024-06-14T14:33:59.000Z\",\"updatedAt\":\"2024-06-14T16:10:11.090Z\",\"iccProfile\":null,\"labelImage\":\"images/f6eff615-9bad-4560-ad59-abb5123019aa/31290.svs.generated/31290.svs_label.jpg\",\"macroImage\":\"images/f6eff615-9bad-4560-ad59-abb5123019aa/31290.svs.generated/31290.svs_macro.jpg\",\"scanFormat\":\"svs\",\"barcodeData\":\"S\\u001d24-07783 J1-1\",\"scannerName\":\"scanner\",\"zLayerCount\":1,\"illumination\":\"brightfield\",\"uploadSource\":\"scanner\",\"lastUpdatedBy\":null,\"originalImage\":\"images/f6eff615-9bad-4560-ad59-abb5123019aa/31290.svs\",\"objectivePower\":20,\"thumbnailImage\":\"images/f6eff615-9bad-4560-ad59-abb5123019aa/31290.svs.generated/31290.svs_thumb.jpg\",\"scannerSerialNumber\":null},\"previous\":{\"dzis\":null,\"mppx\":null,\"mppy\":null,\"width\":null,\"height\":null,\"status\":\"optimizing\",\"offsetX\":null,\"offsetY\":null,\"scannedAt\":null,\"updatedAt\":\"2024-06-14T16:06:12.089Z\",\"labelImage\":null,\"macroImage\":null,\"scanFormat\":null,\"barcodeData\":null,\"zLayerCount\":null,\"illumination\":null,\"lastUpdatedBy\":5,\"objectivePower\":null,\"thumbnailImage\":null},\"timestamp\":\"2024-06-14T16:10:11.097Z\",\"resourceId\":63695,\"resourceType\":\"Image\"},\"webhookId\":1}\r",
            "Name": "Group Separator \\029"
        }
    ]
}