{
    "Samples": [
        {
            "Message": "{\r    \"event\": {\r        \"id\": \"3f58e0fc-647d-4c30-afdc-d6ba515a580c\",\r        \"type\": \"update\",\r        \"userId\": null,\r        \"current\": {\r            \"id\": 4427,\r            \"dzis\": [\r                {\r                    \"dzi\": \"images/af2190a2-ac80-444d-8c5b-f29c085d1dda/KCM24-1214-A10_COOPER_02-02-1944_H&E_20240809_092305-1-1_scan.svs.generated/KCM24-1214-A10_COOPER_02-02-1944_H&E_20240809_092305-1-1_scan.svs.z/z00-.dzi\",\r                    \"zLayer\": 0,\r                    \"tileGlob\": \"images/af2190a2-ac80-444d-8c5b-f29c085d1dda/KCM24-1214-A10_COOPER_02-02-1944_H&E_20240809_092305-1-1_scan.svs.generated/KCM24-1214-A10_COOPER_02-02-1944_H&E_20240809_092305-1-1_scan.svs.z/z00-.dzi.glob\",\r                    \"tileIndex\": \"images/af2190a2-ac80-444d-8c5b-f29c085d1dda/KCM24-1214-A10_COOPER_02-02-1944_H&E_20240809_092305-1-1_scan.svs.generated/KCM24-1214-A10_COOPER_02-02-1944_H&E_20240809_092305-1-1_scan.svs.z/z00-.dzi.json\"\r                }\r            ],\r            \"mppx\": 0.517,\r            \"mppy\": 0.517,\r            \"width\": 22016,\r            \"zStep\": null,\r            \"height\": 61952,\r            \"status\": \"ready\",\r            \"offsetX\": 0,\r            \"offsetY\": 0,\r            \"slideId\": null,\r            \"channels\": null,\r            \"fileSize\": 437942019,\r            \"filename\": \"KCM24-1214-A10_COOPER_1944-02-02_H&E_20240809_092305-1-1_scan.svs\",\r            \"createdAt\": \"2024-08-09T15:47:53.214Z\",\r            \"createdBy\": 2,\r            \"scannedAt\": null,\r            \"updatedAt\": \"2024-08-09T15:56:22.769Z\",\r            \"iccProfile\": null,\r            \"labelImage\": \"images/af2190a2-ac80-444d-8c5b-f29c085d1dda/KCM24-1214-A10_COOPER_02-02-1944_H&E_20240809_092305-1-1_scan.svs.generated/KCM24-1214-A10_COOPER_02-02-1944_H&E_20240809_092305-1-1_scan.svs_label.jpg\",\r            \"macroImage\": \"images/af2190a2-ac80-444d-8c5b-f29c085d1dda/KCM24-1214-A10_COOPER_02-02-1944_H&E_20240809_092305-1-1_scan.svs.generated/KCM24-1214-A10_COOPER_02-02-1944_H&E_20240809_092305-1-1_scan.svs_macro.jpg\",\r            \"scanFormat\": \"svs\",\r            \"barcodeData\": \"GW24-00584;A;1;1\",\r            \"scannerName\": \"scanner\",\r            \"zLayerCount\": 1,\r            \"illumination\": \"brightfield\",\r            \"uploadSource\": \"scanner\",\r            \"lastUpdatedBy\": null,\r            \"originalImage\": \"images/af2190a2-ac80-444d-8c5b-f29c085d1dda/KCM24-1214-A10_COOPER_02-02-1944_H&E_20240809_092305-1-1_scan.svs\",\r            \"objectivePower\": 20,\r            \"thumbnailImage\": \"images/af2190a2-ac80-444d-8c5b-f29c085d1dda/KCM24-1214-A10_COOPER_02-02-1944_H&E_20240809_092305-1-1_scan.svs.generated/KCM24-1214-A10_COOPER_02-02-1944_H&E_20240809_092305-1-1_scan.svs_thumb.jpg\",\r            \"scannerSerialNumber\": null\r        },\r        \"previous\": {\r            \"dzis\": null,\r            \"mppx\": null,\r            \"mppy\": null,\r            \"width\": null,\r            \"height\": null,\r            \"status\": \"optimizing\",\r            \"offsetX\": null,\r            \"offsetY\": null,\r            \"updatedAt\": \"2024-08-09T15:55:44.616Z\",\r            \"labelImage\": null,\r            \"macroImage\": null,\r            \"scanFormat\": null,\r            \"barcodeData\": null,\r            \"zLayerCount\": null,\r            \"illumination\": null,\r            \"lastUpdatedBy\": 2,\r            \"objectivePower\": null,\r            \"thumbnailImage\": null\r        },\r        \"timestamp\": \"2024-08-09T15:56:22.776Z\",\r        \"resourceId\": 4427,\r        \"resourceType\": \"Image\"\r    },\r    \"webhookId\": 1\r}",
            "Name": "KCM24-1214-A10_COOPER_02-02-1944_H&E"
        }
    ]
}