{
    "Samples": [
        {
            "Message": "{\"event\":{\"id\":\"613ba517-846c-44b5-83e0-332c337830c1\",\"type\":\"update\",\"userId\":6,\"current\":{\"id\":1255,\"dzis\":[{\"dzi\":\"images/e9c47382-cdea-4963-b140-3395b1e9dcef/3DBZRF - 2025-01-29 06.02.07.ndpi.generated/3DBZRF - 2025-01-29 06.02.07-output.dzi\",\"zLayer\":0,\"channel\":null,\"tileGlob\":\"images/e9c47382-cdea-4963-b140-3395b1e9dcef/3DBZRF - 2025-01-29 06.02.07.ndpi.generated/3DBZRF - 2025-01-29 06.02.07-output.glob\",\"histogram\":null,\"tileIndex\":\"images/e9c47382-cdea-4963-b140-3395b1e9dcef/3DBZRF - 2025-01-29 06.02.07.ndpi.generated/3DBZRF - 2025-01-29 06.02.07-output-glob-index.json\"}],\"mppx\":0.22974247,\"mppy\":0.22977942,\"width\":195840,\"zStep\":0,\"height\":87552,\"status\":\"ready\",\"offsetX\":10.5555,\"offsetY\":-0.1221,\"slideId\":1362,\"version\":\"2.2.1\",\"channels\":null,\"fileSize\":2095889660,\"filename\":\"3DBZRF - 2025-01-29 06.02.07.ndpi\",\"createdAt\":\"2025-01-29T14:23:49.989Z\",\"createdBy\":4,\"scannedAt\":null,\"updatedAt\":\"2025-01-29T14:33:34.134Z\",\"iccProfile\":null,\"labelImage\":\"images/e9c47382-cdea-4963-b140-3395b1e9dcef/3DBZRF - 2025-01-29 06.02.07.ndpi.generated/3DBZRF - 2025-01-29 06.02.07-label.jpeg\",\"macroImage\":\"images/e9c47382-cdea-4963-b140-3395b1e9dcef/3DBZRF - 2025-01-29 06.02.07.ndpi.generated/3DBZRF - 2025-01-29 06.02.07-macro.jpeg\",\"scanFormat\":\"ndpi\",\"zBestLayer\":null,\"barcodeData\":\"3DBZRF\",\"scannerName\":\"scanner\",\"zLayerCount\":1,\"illumination\":\"brightfield\",\"uploadSource\":\"scanner\",\"lastUpdatedBy\":6,\"originalImage\":\"images/e9c47382-cdea-4963-b140-3395b1e9dcef/3DBZRF - 2025-01-29 06.02.07.ndpi\",\"objectivePower\":40,\"thumbnailImage\":\"images/e9c47382-cdea-4963-b140-3395b1e9dcef/3DBZRF - 2025-01-29 06.02.07.ndpi.generated/3DBZRF - 2025-01-29 06.02.07-thumbnail.jpeg\",\"scannerSerialNumber\":\"100077\"},\"previous\":{\"slideId\":null,\"updatedAt\":\"2025-01-29T14:33:31.975Z\",\"lastUpdatedBy\":null},\"timestamp\":\"2025-01-29T14:33:34.169Z\",\"resourceId\":1255,\"resourceType\":\"Image\"},\"webhookId\":3}",
            "Name": ""
        }
    ]
}