{
    "Samples": [
        {
            "Message": "{\r    \"event\": {\r        \"id\": \"31db659a-f600-4727-883a-de1614043d57\",\r        \"type\": \"update\",\r        \"userId\": 44,\r        \"current\": {\r            \"id\": 142425,\r            \"dzis\": [\r                {\r                    \"dzi\": \"images/f71e5184-a1cb-4db0-be4a-988add37a1a6/SS12468_S24-66220_1_3_1_184213.svs.generated/SS12468_S24-66220_1_3_1_184213.svs.z/z00-.dzi\",\r                    \"zLayer\": 0,\r                    \"tileGlob\": \"images/f71e5184-a1cb-4db0-be4a-988add37a1a6/SS12468_S24-66220_1_3_1_184213.svs.generated/SS12468_S24-66220_1_3_1_184213.svs.z/z00-.dzi.glob\",\r                    \"tileIndex\": \"images/f71e5184-a1cb-4db0-be4a-988add37a1a6/SS12468_S24-66220_1_3_1_184213.svs.generated/SS12468_S24-66220_1_3_1_184213.svs.z/z00-.dzi.json\"\r                }\r            ],\r            \"mppx\": 0.264131,\r            \"mppy\": 0.264131,\r            \"width\": 124411,\r            \"zStep\": null,\r            \"height\": 71458,\r            \"status\": \"ready\",\r            \"offsetX\": 0,\r            \"offsetY\": 0,\r            \"slideId\": 77,\r            \"channels\": null,\r            \"fileSize\": 1282377748,\r            \"filename\": \"SS12468_S24-66220_1_3_1_184213.svs\",\r            \"createdAt\": \"2024-11-01T22:44:36.802Z\",\r            \"createdBy\": 47,\r            \"scannedAt\": \"2024-11-01T22:42:14.000Z\",\r            \"updatedAt\": \"2024-11-01T22:50:42.794Z\",\r            \"iccProfile\": null,\r            \"labelImage\": \"images/f71e5184-a1cb-4db0-be4a-988add37a1a6/SS12468_S24-66220_1_3_1_184213.svs.generated/SS12468_S24-66220_1_3_1_184213.svs_label.jpg\",\r            \"macroImage\": \"images/f71e5184-a1cb-4db0-be4a-988add37a1a6/SS12468_S24-66220_1_3_1_184213.svs.generated/SS12468_S24-66220_1_3_1_184213.svs_macro.jpg\",\r            \"scanFormat\": \"svs\",\r            \"barcodeData\": \"S24-66220_1_3_1\",\r            \"scannerName\": \"leica-gt450\",\r            \"zLayerCount\": 1,\r            \"illumination\": \"brightfield\",\r            \"uploadSource\": \"scanner\",\r            \"lastUpdatedBy\": 44,\r            \"originalImage\": \"images/f71e5184-a1cb-4db0-be4a-988add37a1a6/SS12468_S24-66220_1_3_1_184213.svs\",\r            \"objectivePower\": 40,\r            \"thumbnailImage\": \"images/f71e5184-a1cb-4db0-be4a-988add37a1a6/SS12468_S24-66220_1_3_1_184213.svs.generated/SS12468_S24-66220_1_3_1_184213.svs_thumb.jpg\",\r            \"scannerSerialNumber\": null\r        },\r        \"previous\": {\r            \"slideId\": null,\r            \"updatedAt\": \"2024-11-01T22:50:37.623Z\",\r            \"lastUpdatedBy\": null\r        },\r        \"timestamp\": \"2024-11-01T22:50:42.819Z\",\r        \"resourceId\": 142425,\r        \"resourceType\": \"Image\"\r    },\r    \"webhookId\": 2\r}",
            "Name": "Message 1"
        }
    ]
}