{
    "Samples": [
        {
            "Message": "{\"event\":{\"id\":\"68849beb-80fd-44a4-be22-57c51ba050a9\",\"type\":\"update\",\"userId\":null,\"current\":{\"id\":98,\"dzis\":[{\"dzi\":\"images/85c6b722-63ec-4ac0-a683-bb44d9b0469f/SS35024_S24-24_1_16_1_130554.svs.generated/SS35024_S24-24_1_16_1_130554.svs.z/z00-.dzi\",\"zLayer\":0,\"tileGlob\":\"images/85c6b722-63ec-4ac0-a683-bb44d9b0469f/SS35024_S24-24_1_16_1_130554.svs.generated/SS35024_S24-24_1_16_1_130554.svs.z/z00-.dzi.glob\",\"tileIndex\":\"images/85c6b722-63ec-4ac0-a683-bb44d9b0469f/SS35024_S24-24_1_16_1_130554.svs.generated/SS35024_S24-24_1_16_1_130554.svs.z/z00-.dzi.json\"}],\"mppx\":0.262622,\"mppy\":0.262622,\"width\":77418,\"zStep\":null,\"height\":58025,\"status\":\"ready\",\"offsetX\":0,\"offsetY\":0,\"slideId\":null,\"channels\":null,\"fileSize\":918750034,\"filename\":\"SS35024_S24-24_1_16_1_130554.svs\",\"createdAt\":\"2025-01-02T17:48:40.913Z\",\"createdBy\":10,\"scannedAt\":\"2025-01-02T21:05:55.000Z\",\"updatedAt\":\"2025-01-02T17:53:14.566Z\",\"iccProfile\":\"GT450 v1.0.1\",\"labelImage\":\"images/85c6b722-63ec-4ac0-a683-bb44d9b0469f/SS35024_S24-24_1_16_1_130554.svs.generated/SS35024_S24-24_1_16_1_130554.svs_label.jpg\",\"macroImage\":\"images/85c6b722-63ec-4ac0-a683-bb44d9b0469f/SS35024_S24-24_1_16_1_130554.svs.generated/SS35024_S24-24_1_16_1_130554.svs_macro.jpg\",\"scanFormat\":\"svs\",\"zBestLayer\":null,\"barcodeData\":\"S24-24_1_16_1\",\"scannerName\":\"leica-gt450\",\"zLayerCount\":1,\"illumination\":\"brightfield\",\"uploadSource\":\"scanner\",\"lastUpdatedBy\":null,\"originalImage\":\"images/85c6b722-63ec-4ac0-a683-bb44d9b0469f/SS35024_S24-24_1_16_1_130554.svs\",\"objectivePower\":40,\"thumbnailImage\":\"images/85c6b722-63ec-4ac0-a683-bb44d9b0469f/SS35024_S24-24_1_16_1_130554.svs.generated/SS35024_S24-24_1_16_1_130554.svs_thumb.jpg\",\"scannerSerialNumber\":null},\"previous\":{\"dzis\":null,\"mppx\":null,\"mppy\":null,\"width\":null,\"height\":null,\"status\":\"optimizing\",\"offsetX\":null,\"offsetY\":null,\"scannedAt\":null,\"updatedAt\":\"2025-01-02T17:50:08.387Z\",\"iccProfile\":null,\"labelImage\":null,\"macroImage\":null,\"scanFormat\":null,\"barcodeData\":null,\"zLayerCount\":null,\"illumination\":null,\"lastUpdatedBy\":10,\"objectivePower\":null,\"thumbnailImage\":null},\"timestamp\":\"2025-01-02T17:53:14.574Z\",\"resourceId\":98,\"resourceType\":\"Image\"},\"webhookId\":1}\r",
            "Name": "Message 1"
        },
        {
            "Message": "{\"event\":{\"id\":\"96ba4d9e-ebff-471b-bb84-4903e30a621d\",\"type\":\"update\",\"userId\":null,\"current\":{\"id\":420114,\"dzis\":[{\"dzi\":\"images/603b62a0-ed2f-484c-b3fd-b1067a9f6665/SS12466_S25-20664_3_7_1_113114.svs.generated/SS12466_S25-20664_3_7_1_113114.svs.z/z00-.dzi\",\"zLayer\":0,\"tileGlob\":\"images/603b62a0-ed2f-484c-b3fd-b1067a9f6665/SS12466_S25-20664_3_7_1_113114.svs.generated/SS12466_S25-20664_3_7_1_113114.svs.z/z00-.dzi.glob\",\"tileIndex\":\"images/603b62a0-ed2f-484c-b3fd-b1067a9f6665/SS12466_S25-20664_3_7_1_113114.svs.generated/SS12466_S25-20664_3_7_1_113114.svs.z/z00-.dzi.json\"}],\"mppx\":0.26267,\"mppy\":0.26267,\"width\":148711,\"zStep\":null,\"height\":88563,\"status\":\"ready\",\"offsetX\":0,\"offsetY\":0,\"slideId\":null,\"version\":\"2.2.1\",\"channels\":null,\"fileSize\":2205313628,\"filename\":\"SS12466_S25-20664_3_7_1_113114.svs\",\"createdAt\":\"2025-04-09T15:31:07.753Z\",\"createdBy\":47,\"scannedAt\":\"2025-04-09T15:31:15.000Z\",\"updatedAt\":\"2025-04-09T16:42:41.591Z\",\"iccProfile\":\"GT450 v1.0.1\",\"labelImage\":\"images/603b62a0-ed2f-484c-b3fd-b1067a9f6665/SS12466_S25-20664_3_7_1_113114.svs.generated/SS12466_S25-20664_3_7_1_113114.svs_label.jpg\",\"macroImage\":\"images/603b62a0-ed2f-484c-b3fd-b1067a9f6665/SS12466_S25-20664_3_7_1_113114.svs.generated/SS12466_S25-20664_3_7_1_113114.svs_macro.jpg\",\"scanFormat\":\"svs\",\"zBestLayer\":null,\"barcodeData\":\"S25-20664_3_7_1\\n\\u0012:3*Q\",\"scannerName\":\"leica-gt450\",\"zLayerCount\":1,\"illumination\":\"brightfield\",\"uploadSource\":\"scanner\",\"lastUpdatedBy\":null,\"originalImage\":\"images/603b62a0-ed2f-484c-b3fd-b1067a9f6665/SS12466_S25-20664_3_7_1_113114.svs\",\"objectivePower\":40,\"thumbnailImage\":\"images/603b62a0-ed2f-484c-b3fd-b1067a9f6665/SS12466_S25-20664_3_7_1_113114.svs.generated/SS12466_S25-20664_3_7_1_113114.svs_thumb.jpg\",\"scannerSerialNumber\":\"SS12466\"},\"previous\":{\"dzis\":null,\"mppx\":null,\"mppy\":null,\"width\":null,\"height\":null,\"status\":\"optimizing\",\"offsetX\":null,\"offsetY\":null,\"version\":null,\"scannedAt\":null,\"updatedAt\":\"2025-04-09T15:32:43.039Z\",\"iccProfile\":null,\"labelImage\":null,\"macroImage\":null,\"scanFormat\":null,\"barcodeData\":null,\"zLayerCount\":null,\"illumination\":null,\"lastUpdatedBy\":47,\"objectivePower\":null,\"thumbnailImage\":null,\"scannerSerialNumber\":null},\"timestamp\":\"2025-04-09T16:42:41.601Z\",\"resourceId\":420114,\"resourceType\":\"Image\"},\"webhookId\":1}",
            "Name": "Message 2"
        },
        {
            "Message": "{\"event\":{\"id\":\"7c9425e9-e12c-4d88-8018-f31d909526f7\",\"type\":\"update\",\"userId\":null,\"current\":{\"id\":418592,\"dzis\":[{\"dzi\":\"images/15ef2047-69f4-4b2f-bce0-63ef1507a1d4/SS35024_S25-9283_1_5_1_065508.svs.generated/SS35024_S25-9283_1_5_1_065508.svs.z/z00-.dzi\",\"zLayer\":0,\"tileGlob\":\"images/15ef2047-69f4-4b2f-bce0-63ef1507a1d4/SS35024_S25-9283_1_5_1_065508.svs.generated/SS35024_S25-9283_1_5_1_065508.svs.z/z00-.dzi.glob\",\"tileIndex\":\"images/15ef2047-69f4-4b2f-bce0-63ef1507a1d4/SS35024_S25-9283_1_5_1_065508.svs.generated/SS35024_S25-9283_1_5_1_065508.svs.z/z00-.dzi.json\"}],\"mppx\":0.262622,\"mppy\":0.262622,\"width\":68530,\"zStep\":null,\"height\":48329,\"status\":\"ready\",\"offsetX\":0,\"offsetY\":0,\"slideId\":556010,\"version\":\"2.2.1\",\"channels\":null,\"fileSize\":392671314,\"filename\":\"SS35024_S25-9283_1_5_1_065508.svs\",\"createdAt\":\"2025-04-08T18:48:22.210Z\",\"createdBy\":1,\"scannedAt\":\"2025-02-13T14:55:08.000Z\",\"updatedAt\":\"2025-04-08T18:53:39.663Z\",\"iccProfile\":\"GT450 v1.0.1\",\"labelImage\":\"images/15ef2047-69f4-4b2f-bce0-63ef1507a1d4/SS35024_S25-9283_1_5_1_065508.svs.generated/SS35024_S25-9283_1_5_1_065508.svs_label.jpg\",\"macroImage\":\"images/15ef2047-69f4-4b2f-bce0-63ef1507a1d4/SS35024_S25-9283_1_5_1_065508.svs.generated/SS35024_S25-9283_1_5_1_065508.svs_macro.jpg\",\"scanFormat\":\"svs\",\"zBestLayer\":null,\"barcodeData\":\"S25-9283_1_5_1\",\"scannerName\":null,\"zLayerCount\":1,\"illumination\":\"brightfield\",\"uploadSource\":\"browser\",\"lastUpdatedBy\":null,\"originalImage\":\"images/15ef2047-69f4-4b2f-bce0-63ef1507a1d4/SS35024_S25-9283_1_5_1_065508.svs\",\"objectivePower\":40,\"thumbnailImage\":\"images/15ef2047-69f4-4b2f-bce0-63ef1507a1d4/SS35024_S25-9283_1_5_1_065508.svs.generated/SS35024_S25-9283_1_5_1_065508.svs_thumb.jpg\",\"scannerSerialNumber\":\"SS35024\"},\"previous\":{\"dzis\":null,\"mppx\":null,\"mppy\":null,\"width\":null,\"height\":null,\"status\":\"optimizing\",\"offsetX\":null,\"offsetY\":null,\"version\":null,\"scannedAt\":null,\"updatedAt\":\"2025-04-08T18:49:23.718Z\",\"iccProfile\":null,\"labelImage\":null,\"macroImage\":null,\"scanFormat\":null,\"barcodeData\":null,\"zLayerCount\":null,\"illumination\":null,\"lastUpdatedBy\":1,\"objectivePower\":null,\"thumbnailImage\":null,\"scannerSerialNumber\":null},\"timestamp\":\"2025-04-08T18:53:39.675Z\",\"resourceId\":418592,\"resourceType\":\"Image\"},\"webhookId\":1}",
            "Name": "Message 3"
        }
    ]
}