{
    "Samples": [
        {
            "Message": "{\r    \"event\": {\r        \"id\": \"e0fdaff0-e23d-4f5f-90e5-ad3a7fd19f4a\",\r        \"type\": \"update\",\r        \"userId\": 15,\r        \"current\": {\r            \"id\": 22,\r            \"udf\": {},\r            \"isStat\": false,\r            \"lisLink\": null,\r            \"caseStage\": \"archived\",\r            \"createdAt\": \"2024-10-31T20:17:50.005Z\",\r            \"createdBy\": 16,\r            \"labSiteId\": 1,\r            \"updatedAt\": \"2024-11-11T20:14:00.778Z\",\r            \"patientDob\": \"2003-01-17\",\r            \"patientMrn\": \"1831700\",\r            \"patientSex\": \"M\",\r            \"accessionId\": \"S24-99539\",\r            \"accessionDate\": \"2024-10-31T17:19:00.000Z\",\r            \"lastUpdatedBy\": 15,\r            \"patientSuffix\": null,\r            \"assignedUserId\": null,\r            \"createdManually\": false,\r            \"patientLastName\": \"TEST\",\r            \"patientFirstName\": \"Jacob\",\r            \"patientMiddleName\": null,\r            \"referringClinician\": null,\r            \"specimenCategoryId\": 1,\r            \"patientGenderIdentity\": \"M\",\r            \"thirdPartyAnalysisStatus\": null\r        },\r        \"previous\": {\r            \"caseStage\": \"building\",\r            \"updatedAt\": \"2024-11-06T17:35:47.795Z\",\r            \"lastUpdatedBy\": 16\r        },\r        \"timestamp\": \"2024-11-11T20:14:00.794Z\",\r        \"resourceId\": 22,\r        \"resourceType\": \"CaseDetail\"\r    },\r    \"webhookId\": 4\r}",
            "Name": ""
        },
        {
            "Message": "{\r    \"event\": {\r        \"id\": \"e0fdaff0-e23d-4f5f-90e5-ad3a7fd19f4a\",\r        \"type\": \"update\",\r        \"userId\": 15,\r        \"current\": {\r            \"id\": 22,\r            \"udf\": {},\r            \"isStat\": false,\r            \"lisLink\": null,\r            \"caseStage\": \"archived\",\r            \"createdAt\": \"2024-10-31T20:17:50.005Z\",\r            \"createdBy\": 16,\r            \"labSiteId\": 1,\r            \"updatedAt\": \"2024-11-11T20:14:00.778Z\",\r            \"patientDob\": \"2003-01-17\",\r            \"patientMrn\": \"1831700\",\r            \"patientSex\": \"M\",\r            \"accessionId\": \"S24-99539\",\r            \"accessionDate\": \"2024-10-31T17:19:00.000Z\",\r            \"lastUpdatedBy\": 15,\r            \"patientSuffix\": null,\r            \"assignedUserId\": null,\r            \"createdManually\": false,\r            \"patientLastName\": \"TEST\",\r            \"patientFirstName\": \"Jacob\",\r            \"patientMiddleName\": null,\r            \"referringClinician\": null,\r            \"specimenCategoryId\": 1,\r            \"patientGenderIdentity\": \"M\",\r            \"thirdPartyAnalysisStatus\": null\r        },\r        \"previous\": {\r            \"caseStage\": \"building\",\r            \"updatedAt\": \"2024-11-06T17:35:47.795Z\",\r            \"lastUpdatedBy\": 16\r        },\r        \"timestamp\": \"2024-11-11T20:14:00.794Z\",\r        \"resourceId\": 22,\r        \"resourceType\": \"CaseDetail\"\r    },\r    \"webhookId\": 4\r}",
            "Name": ""
        }
    ]
}